model,num_tasks,meta_score_mean,meta_score_std,stability_mean,entropy_mean,calibration_error_mean,coherence_mean,contradiction_rate_mean,confidence_mean,oscillation_mean,cross_run_inconsistency_mean,epistemic_awareness_mean,reasoning_divergence,meta_cognitive_quality,weak_model_rate,strong_model_rate,frontier_model_rate,instability_index,instability_interpretation,hallucination_risk
qwen3.5:397b-cloud,20,0.5398859516612483,0.016259534595803028,0.9875,0.04056390622295664,0.3756595274080439,0.09071428571428572,0.0,0.4967142857142857,0.03333333333333333,0.2670813168313168,0.0,0.2670813168313168,0.0,0.0,0.0,0.0,0.140375634307263,highly_stable,minimal
gemma4:31b-cloud,20,0.5518308140205088,0.024252781856574014,0.9785714285714286,0.07273966735744793,0.2944173584688846,0.10714285714285716,0.03571428571428571,0.4997142857142857,0.025,0.5180925225568083,0.0,0.5180925225568083,0.0,0.0,0.0,0.0,0.22336467088723114,moderately_stable,minimal
kimi-k2.5:cloud,20,0.5511605361416498,0.024706840475197125,0.9542857142857143,0.14452508940431344,0.27705446214889334,0.10071428571428571,0.014285714285714285,0.49383333333333335,0.05416666666666666,0.55766885301129,0.0,0.55766885301129,0.0,0.0,0.0,0.0,0.25610645736588183,moderately_stable,minimal
